experiment,model,risk_f1,warn_f1,warn_pr_auc,spring_warn_f1,spring_high_risk_recall
exp_weighted_focal_drf_spring_eval,dustriskformer,0.3172431433644676,0.9074405638782495,0.9580436237064434,0.9074405638782495,0.8308793307705327
exp_weighted_focal_drf,dustriskformer,0.4411207313721207,0.7081519821197506,0.8374003000087673,,
exp_weighted_drf,dustriskformer,0.46102038773242426,0.6892,0.829325696636753,,
exp_base_drf,dustriskformer,0.46515339923343135,0.7217346742681443,0.8139640573909015,,
exp_business_lite_attn_tcn_lstm,attn_tcn_lstm,0.47146309829210886,0.7269205029762953,0.8115611255630847,,
