{
  "model": "dustriskformer",
  "val_loss_best": 4.164849786379576,
  "regression": {
    "mae": 3.477346181869507,
    "rmse": 4.968029975891113,
    "r2": 0.44867444038391113
  },
  "risk_classification": {
    "accuracy": 0.4111959287531807,
    "precision": 0.5021254174088297,
    "recall": 0.5511252750033802,
    "f1": 0.46102038773242426
  },
  "warning_binary": {
    "accuracy": 0.6540076335877862,
    "precision": 0.5463646659116648,
    "recall": 0.9331528046421663,
    "f1": 0.6892,
    "roc_auc": 0.8600704661545268,
    "pr_auc": 0.829325696636753
  },
  "subset_eval": {
    "all": {
      "n": 31440,
      "regression": {
        "mae": 3.4773462292375683,
        "rmse": 4.968030064371641,
        "r2": 0.4486743892425118
      },
      "risk_f1": 0.46102038773242426,
      "warning": {
        "accuracy": 0.6540076335877862,
        "precision": 0.5463646659116648,
        "recall": 0.9331528046421663,
        "f1": 0.6892,
        "roc_auc": 0.8600704661545268,
        "pr_auc": 0.829325696636753
      },
      "high_risk_recall": 0.6130937315447565
    },
    "spring_3_5": {
      "n": 0
    },
    "high_risk_subset": {
      "n": 11853,
      "regression": {
        "mae": 5.106294964271629,
        "rmse": 7.047854836421997,
        "r2": 0.09047157323225918
      },
      "risk_f1": 0.3042162972339356,
      "warning": {
        "accuracy": 0.9525858432464355,
        "precision": 0.0,
        "recall": 0.0,
        "f1": 0.0,
        "roc_auc": null,
        "pr_auc": null
      },
      "high_risk_recall": 0.6130937315447565
    },
    "warning_subset": {
      "n": 12925,
      "regression": {
        "mae": 5.031872869229639,
        "rmse": 6.876654157430232,
        "r2": 0.06862074092044324
      },
      "risk_f1": 0.33968371105247686,
      "warning": {
        "accuracy": 0.9331528046421663,
        "precision": 0.0,
        "recall": 0.0,
        "f1": 0.0,
        "roc_auc": null,
        "pr_auc": null
      },
      "high_risk_recall": 0.6130937315447565
    }
  }
}