{
  "model": "dustriskformer",
  "val_loss_best": 3.7829978078080098,
  "regression": {
    "mae": 3.282244920730591,
    "rmse": 4.682606220245361,
    "r2": 0.5102042555809021
  },
  "risk_classification": {
    "accuracy": 0.4076335877862595,
    "precision": 0.47256085430199524,
    "recall": 0.5768257710278917,
    "f1": 0.4411207313721207
  },
  "warning_binary": {
    "accuracy": 0.684351145038168,
    "precision": 0.5711845912993975,
    "recall": 0.9315280464216634,
    "f1": 0.7081519821197506,
    "roc_auc": 0.8716971309268297,
    "pr_auc": 0.8374003000087673
  },
  "subset_eval": {
    "all": {
      "n": 31440,
      "regression": {
        "mae": 3.282244842398068,
        "rmse": 4.682606074221893,
        "r2": 0.5102042810317335
      },
      "risk_f1": 0.4411207313721207,
      "warning": {
        "accuracy": 0.684351145038168,
        "precision": 0.5711845912993975,
        "recall": 0.9315280464216634,
        "f1": 0.7081519821197506,
        "roc_auc": 0.8716971309268297,
        "pr_auc": 0.8374003000087673
      },
      "high_risk_recall": 0.7209989032312495
    },
    "spring_3_5": {
      "n": 0
    },
    "high_risk_subset": {
      "n": 11853,
      "regression": {
        "mae": 4.619000484015502,
        "rmse": 6.471684117249129,
        "r2": 0.23310307064678792
      },
      "risk_f1": 0.2966609517867793,
      "warning": {
        "accuracy": 0.9521640091116174,
        "precision": 0.0,
        "recall": 0.0,
        "f1": 0.0,
        "roc_auc": null,
        "pr_auc": null
      },
      "high_risk_recall": 0.7209989032312495
    },
    "warning_subset": {
      "n": 12925,
      "regression": {
        "mae": 4.531159315607304,
        "rmse": 6.3073032014478905,
        "r2": 0.21646281267743817
      },
      "risk_f1": 0.3519384990800398,
      "warning": {
        "accuracy": 0.9315280464216634,
        "precision": 0.0,
        "recall": 0.0,
        "f1": 0.0,
        "roc_auc": null,
        "pr_auc": null
      },
      "high_risk_recall": 0.7209989032312495
    }
  }
}