{
  "model": "dustriskformer",
  "val_loss_best": 4.399723910119717,
  "regression": {
    "mae": 3.2466132640838623,
    "rmse": 4.5997490882873535,
    "r2": 0.5273844599723816
  },
  "risk_classification": {
    "accuracy": 0.6009860050890585,
    "precision": 0.4669139646996756,
    "recall": 0.47458012879118106,
    "f1": 0.46515339923343135
  },
  "warning_binary": {
    "accuracy": 0.7236641221374046,
    "precision": 0.6157840083073728,
    "recall": 0.8717214700193424,
    "f1": 0.7217346742681443,
    "roc_auc": 0.8483201983231747,
    "pr_auc": 0.8139640573909015
  },
  "subset_eval": {
    "all": {
      "n": 31440,
      "regression": {
        "mae": 3.2466133560568244,
        "rmse": 4.599749084236002,
        "r2": 0.5273844357291485
      },
      "risk_f1": 0.46515339923343135,
      "warning": {
        "accuracy": 0.7236641221374046,
        "precision": 0.6157840083073728,
        "recall": 0.8717214700193424,
        "f1": 0.7217346742681443,
        "roc_auc": 0.8483201983231747,
        "pr_auc": 0.8139640573909015
      },
      "high_risk_recall": 0.695013920526449
    },
    "spring_3_5": {
      "n": 0
    },
    "high_risk_subset": {
      "n": 11853,
      "regression": {
        "mae": 4.452575680616786,
        "rmse": 6.285949116574633,
        "r2": 0.2764907318930777
      },
      "risk_f1": 0.4292111315398217,
      "warning": {
        "accuracy": 0.8856829494642706,
        "precision": 0.0,
        "recall": 0.0,
        "f1": 0.0,
        "roc_auc": null,
        "pr_auc": null
      },
      "high_risk_recall": 0.695013920526449
    },
    "warning_subset": {
      "n": 12925,
      "regression": {
        "mae": 4.371013442543074,
        "rmse": 6.125573883623985,
        "r2": 0.2609637165697335
      },
      "risk_f1": 0.4958012676431671,
      "warning": {
        "accuracy": 0.8717214700193424,
        "precision": 0.0,
        "recall": 0.0,
        "f1": 0.0,
        "roc_auc": null,
        "pr_auc": null
      },
      "high_risk_recall": 0.695013920526449
    }
  }
}