{
  "model": "dustriskformer",
  "val_loss_best": 4.740317050694873,
  "regression": {
    "mae": 5.365048408508301,
    "rmse": 7.745532989501953,
    "r2": -0.07530295848846436
  },
  "risk_classification": {
    "accuracy": 0.0424026268115942,
    "precision": 0.07604787991253131,
    "recall": 0.25577400573654696,
    "f1": 0.0364598665916406
  },
  "warning_binary": {
    "accuracy": 0.7805140398550725,
    "precision": 0.7805140398550725,
    "recall": 1.0,
    "f1": 0.876728879844838,
    "roc_auc": 0.7655552850958376,
    "pr_auc": 0.9152208027369475
  },
  "subset_eval": {
    "all": {
      "n": 52992,
      "regression": {
        "mae": 5.365048926671211,
        "rmse": 7.745533069232652,
        "r2": -0.07530307106083867
      },
      "risk_f1": 0.0364598665916406,
      "warning": {
        "accuracy": 0.7805140398550725,
        "precision": 0.7805140398550725,
        "recall": 1.0,
        "f1": 0.876728879844838,
        "roc_auc": 0.7655552850958376,
        "pr_auc": 0.9152208027369475
      },
      "high_risk_recall": 0.1688063634825077
    },
    "spring_3_5": {
      "n": 52992,
      "regression": {
        "mae": 5.365048926671211,
        "rmse": 7.745533069232652,
        "r2": -0.07530307106083867
      },
      "risk_f1": 0.0364598665916406,
      "warning": {
        "accuracy": 0.7805140398550725,
        "precision": 0.7805140398550725,
        "recall": 1.0,
        "f1": 0.876728879844838,
        "roc_auc": 0.7655552850958376,
        "pr_auc": 0.9152208027369475
      },
      "high_risk_recall": 0.1688063634825077
    },
    "high_risk_subset": {
      "n": 41361,
      "regression": {
        "mae": 6.230710824682272,
        "rmse": 8.629660198836563,
        "r2": -0.3604288482642688
      },
      "risk_f1": 0.048515210441317035,
      "warning": {
        "accuracy": 1.0,
        "precision": 0.0,
        "recall": 0.0,
        "f1": 0.0,
        "roc_auc": null,
        "pr_auc": null
      },
      "high_risk_recall": 0.1688063634825077
    },
    "warning_subset": {
      "n": 41361,
      "regression": {
        "mae": 6.230710824682272,
        "rmse": 8.629660198836563,
        "r2": -0.3604288482642688
      },
      "risk_f1": 0.048515210441317035,
      "warning": {
        "accuracy": 1.0,
        "precision": 0.0,
        "recall": 0.0,
        "f1": 0.0,
        "roc_auc": null,
        "pr_auc": null
      },
      "high_risk_recall": 0.1688063634825077
    }
  }
}