{
  "model": "dustriskformer",
  "val_loss_best": 3.8498105997343477,
  "regression": {
    "mae": 4.646646022796631,
    "rmse": 6.601012706756592,
    "r2": 0.21900296211242676
  },
  "risk_classification": {
    "accuracy": 0.4255736714975845,
    "precision": 0.38214802105035256,
    "recall": 0.48853692653855874,
    "f1": 0.3172431433644676
  },
  "warning_binary": {
    "accuracy": 0.8458635265700483,
    "precision": 0.8539831502612776,
    "recall": 0.9680375232707139,
    "f1": 0.9074405638782495,
    "roc_auc": 0.8845708355858911,
    "pr_auc": 0.9580436237064434
  },
  "subset_eval": {
    "all": {
      "n": 52992,
      "regression": {
        "mae": 4.646646293560673,
        "rmse": 6.601012341989514,
        "r2": 0.21900302689043027
      },
      "risk_f1": 0.3172431433644676,
      "warning": {
        "accuracy": 0.8458635265700483,
        "precision": 0.8539831502612776,
        "recall": 0.9680375232707139,
        "f1": 0.9074405638782495,
        "roc_auc": 0.8845708355858911,
        "pr_auc": 0.9580436237064434
      },
      "high_risk_recall": 0.8308793307705327
    },
    "spring_3_5": {
      "n": 52992,
      "regression": {
        "mae": 4.646646293560673,
        "rmse": 6.601012341989514,
        "r2": 0.21900302689043027
      },
      "risk_f1": 0.3172431433644676,
      "warning": {
        "accuracy": 0.8458635265700483,
        "precision": 0.8539831502612776,
        "recall": 0.9680375232707139,
        "f1": 0.9074405638782495,
        "roc_auc": 0.8845708355858911,
        "pr_auc": 0.9580436237064434
      },
      "high_risk_recall": 0.8308793307705327
    },
    "high_risk_subset": {
      "n": 41361,
      "regression": {
        "mae": 5.256563220205455,
        "rmse": 7.269694940918763,
        "r2": 0.03456994257884494
      },
      "risk_f1": 0.24915301500613488,
      "warning": {
        "accuracy": 0.9680375232707139,
        "precision": 0.0,
        "recall": 0.0,
        "f1": 0.0,
        "roc_auc": null,
        "pr_auc": null
      },
      "high_risk_recall": 0.8308793307705327
    },
    "warning_subset": {
      "n": 41361,
      "regression": {
        "mae": 5.256563220205455,
        "rmse": 7.269694940918763,
        "r2": 0.03456994257884494
      },
      "risk_f1": 0.24915301500613488,
      "warning": {
        "accuracy": 0.9680375232707139,
        "precision": 0.0,
        "recall": 0.0,
        "f1": 0.0,
        "roc_auc": null,
        "pr_auc": null
      },
      "high_risk_recall": 0.8308793307705327
    }
  }
}