{
  "model": "dustriskformer",
  "val_loss_best": 4.604211868449329,
  "regression": {
    "mae": 3.2741482257843018,
    "rmse": 4.740510940551758,
    "r2": 0.498015820980072
  },
  "risk_classification": {
    "accuracy": 0.477735368956743,
    "precision": 0.45005357499777787,
    "recall": 0.4701560107502666,
    "f1": 0.3949954393400123
  },
  "warning_binary": {
    "accuracy": 0.4111005089058524,
    "precision": 0.4111005089058524,
    "recall": 1.0,
    "f1": 0.5826665163980616,
    "roc_auc": 0.8449359027731711,
    "pr_auc": 0.8096541540363595
  },
  "subset_eval": {
    "all": {
      "n": 31440,
      "regression": {
        "mae": 3.274147901810118,
        "rmse": 4.740510925008182,
        "r2": 0.4980158089515845
      },
      "risk_f1": 0.3949954393400123,
      "warning": {
        "accuracy": 0.4111005089058524,
        "precision": 0.4111005089058524,
        "recall": 1.0,
        "f1": 0.5826665163980616,
        "roc_auc": 0.8449359027731711,
        "pr_auc": 0.8096541540363595
      },
      "high_risk_recall": 0.8397873955960516
    },
    "spring_3_5": {
      "n": 0
    },
    "high_risk_subset": {
      "n": 11853,
      "regression": {
        "mae": 4.769004660820163,
        "rmse": 6.670227089821464,
        "r2": 0.1853264503313098
      },
      "risk_f1": 0.2550984004835659,
      "warning": {
        "accuracy": 1.0,
        "precision": 0.0,
        "recall": 0.0,
        "f1": 0.0,
        "roc_auc": null,
        "pr_auc": null
      },
      "high_risk_recall": 0.8397873955960516
    },
    "warning_subset": {
      "n": 12925,
      "regression": {
        "mae": 4.7050163159287415,
        "rmse": 6.519618252799442,
        "r2": 0.1628244621172189
      },
      "risk_f1": 0.29769745047492746,
      "warning": {
        "accuracy": 1.0,
        "precision": 0.0,
        "recall": 0.0,
        "f1": 0.0,
        "roc_auc": null,
        "pr_auc": null
      },
      "high_risk_recall": 0.8397873955960516
    }
  }
}