{
  "exp_base_drf": {
    "model": "dustriskformer",
    "val_loss_best": 4.399723910119717,
    "regression": {
      "mae": 3.2466132640838623,
      "rmse": 4.5997490882873535,
      "r2": 0.5273844599723816
    },
    "risk_classification": {
      "accuracy": 0.6009860050890585,
      "precision": 0.4669139646996756,
      "recall": 0.47458012879118106,
      "f1": 0.46515339923343135
    },
    "warning_binary": {
      "accuracy": 0.7236641221374046,
      "precision": 0.6157840083073728,
      "recall": 0.8717214700193424,
      "f1": 0.7217346742681443,
      "roc_auc": 0.8483201983231747,
      "pr_auc": 0.8139640573909015
    },
    "subset_eval": {
      "all": {
        "n": 31440,
        "regression": {
          "mae": 3.2466133560568244,
          "rmse": 4.599749084236002,
          "r2": 0.5273844357291485
        },
        "risk_f1": 0.46515339923343135,
        "warning": {
          "accuracy": 0.7236641221374046,
          "precision": 0.6157840083073728,
          "recall": 0.8717214700193424,
          "f1": 0.7217346742681443,
          "roc_auc": 0.8483201983231747,
          "pr_auc": 0.8139640573909015
        },
        "high_risk_recall": 0.695013920526449
      },
      "spring_3_5": {
        "n": 0
      },
      "high_risk_subset": {
        "n": 11853,
        "regression": {
          "mae": 4.452575680616786,
          "rmse": 6.285949116574633,
          "r2": 0.2764907318930777
        },
        "risk_f1": 0.4292111315398217,
        "warning": {
          "accuracy": 0.8856829494642706,
          "precision": 0.0,
          "recall": 0.0,
          "f1": 0.0,
          "roc_auc": null,
          "pr_auc": null
        },
        "high_risk_recall": 0.695013920526449
      },
      "warning_subset": {
        "n": 12925,
        "regression": {
          "mae": 4.371013442543074,
          "rmse": 6.125573883623985,
          "r2": 0.2609637165697335
        },
        "risk_f1": 0.4958012676431671,
        "warning": {
          "accuracy": 0.8717214700193424,
          "precision": 0.0,
          "recall": 0.0,
          "f1": 0.0,
          "roc_auc": null,
          "pr_auc": null
        },
        "high_risk_recall": 0.695013920526449
      }
    }
  },
  "exp_weighted_drf": {
    "model": "dustriskformer",
    "val_loss_best": 4.164849786379576,
    "regression": {
      "mae": 3.477346181869507,
      "rmse": 4.968029975891113,
      "r2": 0.44867444038391113
    },
    "risk_classification": {
      "accuracy": 0.4111959287531807,
      "precision": 0.5021254174088297,
      "recall": 0.5511252750033802,
      "f1": 0.46102038773242426
    },
    "warning_binary": {
      "accuracy": 0.6540076335877862,
      "precision": 0.5463646659116648,
      "recall": 0.9331528046421663,
      "f1": 0.6892,
      "roc_auc": 0.8600704661545268,
      "pr_auc": 0.829325696636753
    },
    "subset_eval": {
      "all": {
        "n": 31440,
        "regression": {
          "mae": 3.4773462292375683,
          "rmse": 4.968030064371641,
          "r2": 0.4486743892425118
        },
        "risk_f1": 0.46102038773242426,
        "warning": {
          "accuracy": 0.6540076335877862,
          "precision": 0.5463646659116648,
          "recall": 0.9331528046421663,
          "f1": 0.6892,
          "roc_auc": 0.8600704661545268,
          "pr_auc": 0.829325696636753
        },
        "high_risk_recall": 0.6130937315447565
      },
      "spring_3_5": {
        "n": 0
      },
      "high_risk_subset": {
        "n": 11853,
        "regression": {
          "mae": 5.106294964271629,
          "rmse": 7.047854836421997,
          "r2": 0.09047157323225918
        },
        "risk_f1": 0.3042162972339356,
        "warning": {
          "accuracy": 0.9525858432464355,
          "precision": 0.0,
          "recall": 0.0,
          "f1": 0.0,
          "roc_auc": null,
          "pr_auc": null
        },
        "high_risk_recall": 0.6130937315447565
      },
      "warning_subset": {
        "n": 12925,
        "regression": {
          "mae": 5.031872869229639,
          "rmse": 6.876654157430232,
          "r2": 0.06862074092044324
        },
        "risk_f1": 0.33968371105247686,
        "warning": {
          "accuracy": 0.9331528046421663,
          "precision": 0.0,
          "recall": 0.0,
          "f1": 0.0,
          "roc_auc": null,
          "pr_auc": null
        },
        "high_risk_recall": 0.6130937315447565
      }
    }
  },
  "exp_weighted_focal_drf": {
    "model": "dustriskformer",
    "val_loss_best": 3.7829978078080098,
    "regression": {
      "mae": 3.282244920730591,
      "rmse": 4.682606220245361,
      "r2": 0.5102042555809021
    },
    "risk_classification": {
      "accuracy": 0.4076335877862595,
      "precision": 0.47256085430199524,
      "recall": 0.5768257710278917,
      "f1": 0.4411207313721207
    },
    "warning_binary": {
      "accuracy": 0.684351145038168,
      "precision": 0.5711845912993975,
      "recall": 0.9315280464216634,
      "f1": 0.7081519821197506,
      "roc_auc": 0.8716971309268297,
      "pr_auc": 0.8374003000087673
    },
    "subset_eval": {
      "all": {
        "n": 31440,
        "regression": {
          "mae": 3.282244842398068,
          "rmse": 4.682606074221893,
          "r2": 0.5102042810317335
        },
        "risk_f1": 0.4411207313721207,
        "warning": {
          "accuracy": 0.684351145038168,
          "precision": 0.5711845912993975,
          "recall": 0.9315280464216634,
          "f1": 0.7081519821197506,
          "roc_auc": 0.8716971309268297,
          "pr_auc": 0.8374003000087673
        },
        "high_risk_recall": 0.7209989032312495
      },
      "spring_3_5": {
        "n": 0
      },
      "high_risk_subset": {
        "n": 11853,
        "regression": {
          "mae": 4.619000484015502,
          "rmse": 6.471684117249129,
          "r2": 0.23310307064678792
        },
        "risk_f1": 0.2966609517867793,
        "warning": {
          "accuracy": 0.9521640091116174,
          "precision": 0.0,
          "recall": 0.0,
          "f1": 0.0,
          "roc_auc": null,
          "pr_auc": null
        },
        "high_risk_recall": 0.7209989032312495
      },
      "warning_subset": {
        "n": 12925,
        "regression": {
          "mae": 4.531159315607304,
          "rmse": 6.3073032014478905,
          "r2": 0.21646281267743817
        },
        "risk_f1": 0.3519384990800398,
        "warning": {
          "accuracy": 0.9315280464216634,
          "precision": 0.0,
          "recall": 0.0,
          "f1": 0.0,
          "roc_auc": null,
          "pr_auc": null
        },
        "high_risk_recall": 0.7209989032312495
      }
    }
  },
  "exp_business_lite_attn_tcn_lstm": {
    "model": "attn_tcn_lstm",
    "val_loss_best": 3.924059100693833,
    "regression": {
      "mae": 3.493466854095459,
      "rmse": 5.173198223114014,
      "r2": 0.4021971821784973
    },
    "risk_classification": {
      "accuracy": 0.42554071246819336,
      "precision": 0.5037297670995342,
      "recall": 0.5653753965937639,
      "f1": 0.47146309829210886
    },
    "warning_binary": {
      "accuracy": 0.7534033078880407,
      "precision": 0.6672054829949566,
      "recall": 0.7983752417794971,
      "f1": 0.7269205029762953,
      "roc_auc": 0.8492793725198502,
      "pr_auc": 0.8115611255630847
    },
    "subset_eval": {
      "all": {
        "n": 31440,
        "regression": {
          "mae": 3.4934670302656694,
          "rmse": 5.17319826188921,
          "r2": 0.4021971481328951
        },
        "risk_f1": 0.47146309829210886,
        "warning": {
          "accuracy": 0.7534033078880407,
          "precision": 0.6672054829949566,
          "recall": 0.7983752417794971,
          "f1": 0.7269205029762953,
          "roc_auc": 0.8492793725198502,
          "pr_auc": 0.8115611255630847
        },
        "high_risk_recall": 0.6886020416772125
      },
      "spring_3_5": {
        "n": 0
      },