{
  "exp_base_drf": {
    "model": "dustriskformer",
    "val_loss_best": 4.399723910119717,
    "regression": {
      "mae": 3.2466132640838623,
      "rmse": 4.5997490882873535,
      "r2": 0.5273844599723816
    },
    "risk_classification": {
      "accuracy": 0.6009860050890585,
      "precision": 0.4669139646996756,
      "recall": 0.47458012879118106,
      "f1": 0.46515339923343135
    },
    "warning_binary": {
      "accuracy": 0.7236641221374046,
      "precision": 0.6157840083073728,
      "recall": 0.8717214700193424,
      "f1": 0.7217346742681443,
      "roc_auc": 0.8483201983231747,
      "pr_auc": 0.8139640573909015
    },
    "subset_eval": {
      "all": {
        "n": 31440,
        "regression": {
          "mae": 3.2466133560568244,
          "rmse": 4.599749084236002,
          "r2": 0.5273844357291485
        },
        "risk_f1": 0.46515339923343135,
        "warning": {
          "accuracy": 0.7236641221374046,
          "precision": 0.6157840083073728,
          "recall": 0.8717214700193424,
          "f1": 0.7217346742681443,
          "roc_auc": 0.8483201983231747,
          "pr_auc": 0.8139640573909015
        },
        "high_risk_recall": 0.695013920526449
      },
      "spring_3_5": {
        "n": 0
      },
      "high_risk_subset": {
        "n": 11853,
        "regression": {
          "mae": 4.452575680616786,
          "rmse": 6.285949116574633,
          "r2": 0.2764907318930777
        },
        "risk_f1": 0.4292111315398217,
        "warning": {
          "accuracy": 0.8856829494642706,
          "precision": 0.0,
          "recall": 0.0,
          "f1": 0.0,
          "roc_auc": null,
          "pr_auc": null
        },
        "high_risk_recall": 0.695013920526449
      },
      "warning_subset": {
        "n": 12925,
        "regression": {
          "mae": 4.371013442543074,
          "rmse": 6.125573883623985,
          "r2": 0.2609637165697335
        },
        "risk_f1": 0.4958012676431671,
        "warning": {
          "accuracy": 0.8717214700193424,
          "precision": 0.0,
          "recall": 0.0,
          "f1": 0.0,
          "roc_auc": null,
          "pr_auc": null
        },
        "high_risk_recall": 0.695013920526449
      }
    }
  },
  "exp_weighted_focal_drf": {
    "model": "dustriskformer",
    "val_loss_best": 4.604211868449329,
    "regression": {
      "mae": 3.2741482257843018,
      "rmse": 4.740510940551758,
      "r2": 0.498015820980072
    },
    "risk_classification": {
      "accuracy": 0.477735368956743,
      "precision": 0.45005357499777787,
      "recall": 0.4701560107502666,
      "f1": 0.3949954393400123
    },
    "warning_binary": {
      "accuracy": 0.4111005089058524,
      "precision": 0.4111005089058524,
      "recall": 1.0,
      "f1": 0.5826665163980616,
      "roc_auc": 0.8449359027731711,
      "pr_auc": 0.8096541540363595
    },
    "subset_eval": {
      "all": {
        "n": 31440,
        "regression": {
          "mae": 3.274147901810118,
          "rmse": 4.740510925008182,
          "r2": 0.4980158089515845
        },
        "risk_f1": 0.3949954393400123,
        "warning": {
          "accuracy": 0.4111005089058524,
          "precision": 0.4111005089058524,
          "recall": 1.0,
          "f1": 0.5826665163980616,
          "roc_auc": 0.8449359027731711,
          "pr_auc": 0.8096541540363595
        },
        "high_risk_recall": 0.8397873955960516
      },
      "spring_3_5": {
        "n": 0
      },
      "high_risk_subset": {
        "n": 11853,
        "regression": {
          "mae": 4.769004660820163,
          "rmse": 6.670227089821464,
          "r2": 0.1853264503313098
        },
        "risk_f1": 0.2550984004835659,
        "warning": {
          "accuracy": 1.0,
          "precision": 0.0,
          "recall": 0.0,
          "f1": 0.0,
          "roc_auc": null,
          "pr_auc": null
        },
        "high_risk_recall": 0.8397873955960516
      },
      "warning_subset": {
        "n": 12925,
        "regression": {
          "mae": 4.7050163159287415,
          "rmse": 6.519618252799442,
          "r2": 0.1628244621172189
        },
        "risk_f1": 0.29769745047492746,
        "warning": {
          "accuracy": 1.0,
          "precision": 0.0,
          "recall": 0.0,
          "f1": 0.0,
          "roc_auc": null,
          "pr_auc": null
        },
        "high_risk_recall": 0.8397873955960516
      }
    }
  },
  "exp_business_lite_attn_tcn_lstm": {
    "model": "attn_tcn_lstm",
    "val_loss_best": 3.7352555994772567,
    "regression": {
      "mae": 3.3290774822235107,
      "rmse": 4.895756244659424,
      "r2": 0.46459877490997314
    },
    "risk_classification": {
      "accuracy": 0.5203880407124682,
      "precision": 0.5376226926909611,
      "recall": 0.5902661933690452,
      "f1": 0.5381980226324006
    },
    "warning_binary": {
      "accuracy": 0.7611005089058525,
      "precision": 0.6672019765287215,
      "recall": 0.8357446808510638,
      "f1": 0.7420230121930277,
      "roc_auc": 0.866678242483093,
      "pr_auc": 0.8308022023815842
    },
    "subset_eval": {
      "all": {
        "n": 31440,
        "regression": {
          "mae": 3.3290772974443725,
          "rmse": 4.895756427392543,
          "r2": 0.46459879773832524
        },
        "risk_f1": 0.5381980226324006,
        "warning": {
          "accuracy": 0.7611005089058525,
          "precision": 0.6672019765287215,
          "recall": 0.8357446808510638,
          "f1": 0.7420230121930277,
          "roc_auc": 0.866678242483093,
          "pr_auc": 0.8308022023815842
        },
        "high_risk_recall": 0.736016198430777
      },
      "spring_3_5": {
        "n": 0
      },
      "high_risk_subset": {
        "n": 11853,
        "regression": {
          "mae": 5.026328768054714,
          "rmse": 7.057035595765784,
          "r2": 0.08810046872197941
        },
        "risk_f1": 0.3388177501103269,
        "warning": {
          "accuracy": 0.8710874883995613,
          "precision": 0.0,
          "recall": 0.0,
          "f1": 0.0,
          "roc_auc": null,
          "pr_auc": null
        },
        "high_risk_recall": 0.736016198430777
      },
      "warning_subset": {
        "n": 12925,
        "regression": {
          "mae": 4.918051957881197,
          "rmse": 6.8613959234227035,
          "r2": 0.07274932907606202
        },
        "risk_f1": 0.41610669230125386,
        "warning": {
          "accuracy": 0.8357446808510638,
          "precision": 0.0,
          "recall": 0.0,
          "f1": 0.0,
          "roc_auc": null,
          "pr_auc": null
        },
        "high_risk_recall": 0.736016198430777
      }
    }
  },
  "exp_weighted_focal_drf_spring_from_test_strict": {
    "model": "dustriskformer",
    "error": "need at least one array to concatenate"
  },
  "exp_weighted_focal_drf_spring_holdout_strict": {
    "model": "dustriskformer",
    "val_loss_best": 4.740317050694873,
    "regression": {
      "mae": 5.365048408508301,
      "rmse": 7.745532989501953,
      "r2": -0.07530295848846436
    },
    "risk_classification": {
      "accuracy": 0.0424026268115942,
      "precision": 0.07604787991253131,
      "recall": 0.25577400573654696,
      "f1": 0.0364598665916406
    },
    "warning_binary": {
      "accuracy": 0.7805140398550725,
      "precision": 0.7805140398550725,
      "recall": 1.0,
      "f1": 0.876728879844838,
      "roc_auc": 0.7655552850958376,
      "pr_auc": 0.9152208027369475
    },
    "subset_eval": {
      "all": {
        "n": 52992,
        "regression": {
          "mae": 5.365048926671211,
          "rmse": 7.745533069232652,
          "r2": -0.07530307106083867
        },
        "risk_f1": 0.0364598665916406,
        "warning": {
          "accuracy": 0.7805140398550725,
          "precision": 0.7805140398550725,
          "recall": 1.0,
          "f1": 0.876728879844838,
          "roc_auc": 0.7655552850958376,
          "pr_auc": 0.9152208027369475
        },