subset,n,risk_f1,warn_f1,high_risk_recall
high_risk_subset,41361,0.24915301500613488,0.0,0.8308793307705327
