subset,n,risk_f1,warn_f1,warn_roc_auc,warn_pr_auc,high_risk_recall
spring_3_5,52992,0.3172431433644676,0.9074405638782495,0.8845708355858911,0.9580436237064434,0.8308793307705327
