{
  "dustriskformer": {
    "model": "dustriskformer",
    "val_loss_best": 4.638054913286948,
    "regression": {
      "mae": 3.6624794006347656,
      "rmse": 5.254486083984375,
      "r2": 0.2465212345123291
    },
    "risk_classification": {
      "accuracy": 0.7344529262086514,
      "precision": 0.7233635289571323,
      "recall": 0.5163827003933822,
      "f1": 0.5526973517743827
    },
    "warning_binary": {
      "accuracy": 0.7978117048346056,
      "precision": 0.76,
      "recall": 0.19839025451381337,
      "f1": 0.3146455062963602,
      "roc_auc": 0.7754886038874664,
      "pr_auc": 0.569067845006821
    }
  },
  "lstm": {
    "model": "lstm",
    "val_loss_best": 5.119461418746353,
    "regression": {
      "mae": 4.195493221282959,
      "rmse": 5.632900238037109,
      "r2": 0.13408613204956055
    },
    "risk_classification": {
      "accuracy": 0.7272264631043257,
      "precision": 0.4601611599975087,
      "recall": 0.44781626341972364,
      "f1": 0.4408582690256934
    },
    "warning_binary": {
      "accuracy": 0.8017302798982189,
      "precision": 0.6861391396707381,
      "recall": 0.2810528605612356,
      "f1": 0.3987654320987654,
      "roc_auc": 0.769747118299621,
      "pr_auc": 0.5634051825398356
    }
  },
  "cnn_lstm": {
    "model": "cnn_lstm",
    "val_loss_best": 4.652654210696063,
    "regression": {
      "mae": 3.694131374359131,
      "rmse": 5.162093162536621,
      "r2": 0.272786021232605
    },
    "risk_classification": {
      "accuracy": 0.740763358778626,
      "precision": 0.6517139656162646,
      "recall": 0.5657572473914624,
      "f1": 0.5914036024914898
    },
    "warning_binary": {
      "accuracy": 0.8027989821882952,
      "precision": 0.6908033826638478,
      "recall": 0.2843158581683707,
      "f1": 0.40283556788411157,
      "roc_auc": 0.7771814116985332,
      "pr_auc": 0.5762695005509348
    }
  },
  "baselines_ml": {
    "random_forest": {
      "model": "random_forest",
      "regression": {
        "mae": 3.51767026396737,
        "rmse": 4.764507034259906,
        "r2": 0.3803234984395354
      },
      "risk_classification": {
        "accuracy": 0.7683969465648854,
        "precision": 0.7112904095486733,
        "recall": 0.6083129339488201,
        "f1": 0.6395388824162777
      },
      "warning_binary": {
        "accuracy": 0.8129770992366412,
        "precision": 0.720863309352518,
        "recall": 0.32702349869451697,
        "f1": 0.44993264481365064
      }
    },
    "xgboost": {
      "model": "xgboost",
      "regression": {
        "mae": 3.5037240436240915,
        "rmse": 4.746506099814465,
        "r2": 0.38499709171323726
      },
      "risk_classification": {
        "accuracy": 0.7809160305343511,
        "precision": 0.6974940757780943,
        "recall": 0.6139564465789228,
        "f1": 0.642913483252903
      },
      "warning_binary": {
        "accuracy": 0.8213740458015267,
        "precision": 0.7196601941747572,
        "recall": 0.3870757180156658,
        "f1": 0.5033955857385399
      }
    }
  }
}