{
  "random_forest": {
    "model": "random_forest",
    "regression": {
      "mae": 3.51767026396737,
      "rmse": 4.764507034259906,
      "r2": 0.3803234984395354
    },
    "risk_classification": {
      "accuracy": 0.7683969465648854,
      "precision": 0.7112904095486733,
      "recall": 0.6083129339488201,
      "f1": 0.6395388824162777
    },
    "warning_binary": {
      "accuracy": 0.8129770992366412,
      "precision": 0.720863309352518,
      "recall": 0.32702349869451697,
      "f1": 0.44993264481365064
    }
  },
  "xgboost": {
    "model": "xgboost",
    "regression": {
      "mae": 3.5037240436240915,
      "rmse": 4.746506099814465,
      "r2": 0.38499709171323726
    },
    "risk_classification": {
      "accuracy": 0.7809160305343511,
      "precision": 0.6974940757780943,
      "recall": 0.6139564465789228,
      "f1": 0.642913483252903
    },
    "warning_binary": {
      "accuracy": 0.8213740458015267,
      "precision": 0.7196601941747572,
      "recall": 0.3870757180156658,
      "f1": 0.5033955857385399
    }
  }
}