{
  "model": "lstm",
  "val_loss_best": 5.119461418746353,
  "regression": {
    "mae": 4.195493221282959,
    "rmse": 5.632900238037109,
    "r2": 0.13408613204956055
  },
  "risk_classification": {
    "accuracy": 0.7272264631043257,
    "precision": 0.4601611599975087,
    "recall": 0.44781626341972364,
    "f1": 0.4408582690256934
  },
  "warning_binary": {
    "accuracy": 0.8017302798982189,
    "precision": 0.6861391396707381,
    "recall": 0.2810528605612356,
    "f1": 0.3987654320987654,
    "roc_auc": 0.769747118299621,
    "pr_auc": 0.5634051825398356
  }
}