{
  "model": "lstm",
  "val_loss_best": 4.932699440634824,
  "regression": {
    "mae": 4.448690414428711,
    "rmse": 6.224518299102783,
    "r2": 0.1345316767692566
  },
  "risk_classification": {
    "accuracy": 0.5707697201017812,
    "precision": 0.2694099524119557,
    "recall": 0.3414039735223102,
    "f1": 0.2988363217038187
  },
  "warning_binary": {
    "accuracy": 0.7805661577608143,
    "precision": 0.7842989243253444,
    "recall": 0.6430947775628627,
    "f1": 0.7067125791778259,
    "roc_auc": 0.833018999180444,
    "pr_auc": 0.8028595919507286
  }
}