{
  "dustriskformer": {
    "model": "dustriskformer",
    "val_loss_best": 4.399723910119717,
    "regression": {
      "mae": 3.2466132640838623,
      "rmse": 4.5997490882873535,
      "r2": 0.5273844599723816
    },
    "risk_classification": {
      "accuracy": 0.6009860050890585,
      "precision": 0.4669139646996756,
      "recall": 0.47458012879118106,
      "f1": 0.46515339923343135
    },
    "warning_binary": {
      "accuracy": 0.7236641221374046,
      "precision": 0.6157840083073728,
      "recall": 0.8717214700193424,
      "f1": 0.7217346742681443,
      "roc_auc": 0.8483201983231747,
      "pr_auc": 0.8139640573909015
    }
  },
  "lstm": {
    "model": "lstm",
    "val_loss_best": 4.932699440634824,
    "regression": {
      "mae": 4.448690414428711,
      "rmse": 6.224518299102783,
      "r2": 0.1345316767692566
    },
    "risk_classification": {
      "accuracy": 0.5707697201017812,
      "precision": 0.2694099524119557,
      "recall": 0.3414039735223102,
      "f1": 0.2988363217038187
    },
    "warning_binary": {
      "accuracy": 0.7805661577608143,
      "precision": 0.7842989243253444,
      "recall": 0.6430947775628627,
      "f1": 0.7067125791778259,
      "roc_auc": 0.833018999180444,
      "pr_auc": 0.8028595919507286
    }
  },
  "cnn_lstm": {
    "model": "cnn_lstm",
    "val_loss_best": 4.23902141255582,
    "regression": {
      "mae": 3.5650928020477295,
      "rmse": 5.264204502105713,
      "r2": 0.3809792399406433
    },
    "risk_classification": {
      "accuracy": 0.615998727735369,
      "precision": 0.49784230263861845,
      "recall": 0.45526937520647554,
      "f1": 0.4572329901148075
    },
    "warning_binary": {
      "accuracy": 0.785941475826972,
      "precision": 0.7836798241597216,
      "recall": 0.6620502901353965,
      "f1": 0.7177486998825701,
      "roc_auc": 0.8601021619252724,
      "pr_auc": 0.8223108702483123
    }
  },
  "baselines_ml": {
    "random_forest": {
      "model": "random_forest",
      "regression": {
        "mae": 3.1981178754397925,
        "rmse": 4.345056847894378,
        "r2": 0.5783063144937521
      },
      "risk_classification": {
        "accuracy": 0.6519083969465649,
        "precision": 0.5070142377272127,
        "recall": 0.5324824735670393,
        "f1": 0.5153248420803235
      },
      "warning_binary": {
        "accuracy": 0.816793893129771,
        "precision": 0.7569856054191363,
        "recall": 0.8224471021159153,
        "f1": 0.7883597883597884
      }
    },
    "xgboost": {
      "model": "xgboost",
      "regression": {
        "mae": 3.1297063946894563,
        "rmse": 4.330497824618396,
        "r2": 0.5811275261112264
      },
      "risk_classification": {
        "accuracy": 0.6489503816793893,
        "precision": 0.6242267164054719,
        "recall": 0.5486867203941401,
        "f1": 0.5603515450061225
      },
      "warning_binary": {
        "accuracy": 0.8144083969465649,
        "precision": 0.7809212064531214,
        "recall": 0.7681692732290708,
        "f1": 0.7744927536231884
      }
    }
  },
  "event_summary": {
    "model": "dustriskformer",
    "event_level_macro": {
      "event_hit_rate": 0.764261337689367,
      "onset_lead_error": 41.277066816824565,
      "duration_error": 75.03938759181429,
      "crossing_f1": 0.664693080739725
    }
  }
}