{
  "model": "dustriskformer",
  "regression": {
    "mae": 3.246613356494911,
    "rmse": 4.5997490811802155,
    "r2": 0.5273844359287422
  },
  "risk_classification": {
    "accuracy": 0.6009860050890585,
    "precision": 0.4669139646996756,
    "recall": 0.47458012879118106,
    "f1": 0.46515339923343135
  },
  "warning_binary": {
    "accuracy": 0.7236641221374046,
    "precision": 0.6157840083073728,
    "recall": 0.8717214700193424,
    "f1": 0.7217346742681443,
    "roc_auc": 0.8483201983231747,
    "pr_auc": 0.8139640573909015
  }
}