{
  "model": "dustriskformer",
  "val_loss_best": 4.638054913286948,
  "regression": {
    "mae": 3.6624794006347656,
    "rmse": 5.254486083984375,
    "r2": 0.2465212345123291
  },
  "risk_classification": {
    "accuracy": 0.7344529262086514,
    "precision": 0.7233635289571323,
    "recall": 0.5163827003933822,
    "f1": 0.5526973517743827
  },
  "warning_binary": {
    "accuracy": 0.7978117048346056,
    "precision": 0.76,
    "recall": 0.19839025451381337,
    "f1": 0.3146455062963602,
    "roc_auc": 0.7754886038874664,
    "pr_auc": 0.569067845006821
  }
}