{
  "model": "attn_tcn_lstm",
  "val_loss_best": 3.924059100693833,
  "regression": {
    "mae": 3.493466854095459,
    "rmse": 5.173198223114014,
    "r2": 0.4021971821784973
  },
  "risk_classification": {
    "accuracy": 0.42554071246819336,
    "precision": 0.5037297670995342,
    "recall": 0.5653753965937639,
    "f1": 0.47146309829210886
  },
  "warning_binary": {
    "accuracy": 0.7534033078880407,
    "precision": 0.6672054829949566,
    "recall": 0.7983752417794971,
    "f1": 0.7269205029762953,
    "roc_auc": 0.8492793725198502,
    "pr_auc": 0.8115611255630847
  },
  "subset_eval": {
    "all": {
      "n": 31440,
      "regression": {
        "mae": 3.4934670302656694,
        "rmse": 5.17319826188921,
        "r2": 0.4021971481328951
      },
      "risk_f1": 0.47146309829210886,
      "warning": {
        "accuracy": 0.7534033078880407,
        "precision": 0.6672054829949566,
        "recall": 0.7983752417794971,
        "f1": 0.7269205029762953,
        "roc_auc": 0.8492793725198502,
        "pr_auc": 0.8115611255630847
      },
      "high_risk_recall": 0.6886020416772125
    },
    "spring_3_5": {
      "n": 0
    },
    "high_risk_subset": {
      "n": 11853,
      "regression": {
        "mae": 5.506993846169989,
        "rmse": 7.579172474715515,
        "r2": -0.05183097668160319
      },
      "risk_f1": 0.3294244363311496,
      "warning": {
        "accuracy": 0.8372563907871425,
        "precision": 0.0,
        "recall": 0.0,
        "f1": 0.0,
        "roc_auc": null,
        "pr_auc": null
      },
      "high_risk_recall": 0.6886020416772125
    },
    "warning_subset": {
      "n": 12925,
      "regression": {
        "mae": 5.399049301055229,
        "rmse": 7.375490163512476,
        "r2": -0.07140574848975767
      },
      "risk_f1": 0.38117387816700543,
      "warning": {
        "accuracy": 0.7983752417794971,
        "precision": 0.0,
        "recall": 0.0,
        "f1": 0.0,
        "roc_auc": null,
        "pr_auc": null
      },
      "high_risk_recall": 0.6886020416772125
    }
  }
}