{
  "model": "cnn_lstm",
  "val_loss_best": 4.23902141255582,
  "regression": {
    "mae": 3.5650928020477295,
    "rmse": 5.264204502105713,
    "r2": 0.3809792399406433
  },
  "risk_classification": {
    "accuracy": 0.615998727735369,
    "precision": 0.49784230263861845,
    "recall": 0.45526937520647554,
    "f1": 0.4572329901148075
  },
  "warning_binary": {
    "accuracy": 0.785941475826972,
    "precision": 0.7836798241597216,
    "recall": 0.6620502901353965,
    "f1": 0.7177486998825701,
    "roc_auc": 0.8601021619252724,
    "pr_auc": 0.8223108702483123
  }
}