{
  "random_forest": {
    "model": "random_forest",
    "regression": {
      "mae": 3.1981178754397925,
      "rmse": 4.345056847894378,
      "r2": 0.5783063144937521
    },
    "risk_classification": {
      "accuracy": 0.6519083969465649,
      "precision": 0.5070142377272127,
      "recall": 0.5324824735670393,
      "f1": 0.5153248420803235
    },
    "warning_binary": {
      "accuracy": 0.816793893129771,
      "precision": 0.7569856054191363,
      "recall": 0.8224471021159153,
      "f1": 0.7883597883597884
    }
  },
  "xgboost": {
    "model": "xgboost",
    "regression": {
      "mae": 3.1297063946894563,
      "rmse": 4.330497824618396,
      "r2": 0.5811275261112264
    },
    "risk_classification": {
      "accuracy": 0.6489503816793893,
      "precision": 0.6242267164054719,
      "recall": 0.5486867203941401,
      "f1": 0.5603515450061225
    },
    "warning_binary": {
      "accuracy": 0.8144083969465649,
      "precision": 0.7809212064531214,
      "recall": 0.7681692732290708,
      "f1": 0.7744927536231884
    }
  }
}