{
  "model": "attn_tcn_lstm",
  "val_loss_best": 3.7352555994772567,
  "regression": {
    "mae": 3.3290774822235107,
    "rmse": 4.895756244659424,
    "r2": 0.46459877490997314
  },
  "risk_classification": {
    "accuracy": 0.5203880407124682,
    "precision": 0.5376226926909611,
    "recall": 0.5902661933690452,
    "f1": 0.5381980226324006
  },
  "warning_binary": {
    "accuracy": 0.7611005089058525,
    "precision": 0.6672019765287215,
    "recall": 0.8357446808510638,
    "f1": 0.7420230121930277,
    "roc_auc": 0.866678242483093,
    "pr_auc": 0.8308022023815842
  },
  "subset_eval": {
    "all": {
      "n": 31440,
      "regression": {
        "mae": 3.3290772974443725,
        "rmse": 4.895756427392543,
        "r2": 0.46459879773832524
      },
      "risk_f1": 0.5381980226324006,
      "warning": {
        "accuracy": 0.7611005089058525,
        "precision": 0.6672019765287215,
        "recall": 0.8357446808510638,
        "f1": 0.7420230121930277,
        "roc_auc": 0.866678242483093,
        "pr_auc": 0.8308022023815842
      },
      "high_risk_recall": 0.736016198430777
    },
    "spring_3_5": {
      "n": 0
    },
    "high_risk_subset": {
      "n": 11853,
      "regression": {
        "mae": 5.026328768054714,
        "rmse": 7.057035595765784,
        "r2": 0.08810046872197941
      },
      "risk_f1": 0.3388177501103269,
      "warning": {
        "accuracy": 0.8710874883995613,
        "precision": 0.0,
        "recall": 0.0,
        "f1": 0.0,
        "roc_auc": null,
        "pr_auc": null
      },
      "high_risk_recall": 0.736016198430777
    },
    "warning_subset": {
      "n": 12925,
      "regression": {
        "mae": 4.918051957881197,
        "rmse": 6.8613959234227035,
        "r2": 0.07274932907606202
      },
      "risk_f1": 0.41610669230125386,
      "warning": {
        "accuracy": 0.8357446808510638,
        "precision": 0.0,
        "recall": 0.0,
        "f1": 0.0,
        "roc_auc": null,
        "pr_auc": null
      },
      "high_risk_recall": 0.736016198430777
    }
  }
}