{
  "model": "cnn_lstm",
  "val_loss_best": 4.652654210696063,
  "regression": {
    "mae": 3.694131374359131,
    "rmse": 5.162093162536621,
    "r2": 0.272786021232605
  },
  "risk_classification": {
    "accuracy": 0.740763358778626,
    "precision": 0.6517139656162646,
    "recall": 0.5657572473914624,
    "f1": 0.5914036024914898
  },
  "warning_binary": {
    "accuracy": 0.8027989821882952,
    "precision": 0.6908033826638478,
    "recall": 0.2843158581683707,
    "f1": 0.40283556788411157,
    "roc_auc": 0.7771814116985332,
    "pr_auc": 0.5762695005509348
  }
}